<?xml version="1.0" encoding="UTF-8"?>
<metadata xml:lang="it"><Esri><CreaDate>20240510</CreaDate><CreaTime>09481900</CreaTime><ArcGISFormat>1.0</ArcGISFormat><SyncOnce>TRUE</SyncOnce><DataProperties><lineage><Process ToolSource="c:\program files (x86)\arcgis\desktop10.5_new\desktop10.8\ArcToolbox\Toolboxes\Data Management Tools.tbx\CalculateField" Date="20240510" Time="094819">CalculateField torino_updated_column_names_V00 SCS [SCS] VB #</Process><Process ToolSource="c:\program files (x86)\arcgis\desktop10.5_new\desktop10.8\ArcToolbox\Toolboxes\Data Management Tools.tbx\CalculateField" Date="20240510" Time="094840">CalculateField torino_updated_column_names_V00 SCS [SCS_1] VB #</Process><Process ToolSource="c:\program files (x86)\arcgis\desktop10.5_new\desktop10.8\ArcToolbox\Toolboxes\Data Management Tools.tbx\CalculateField" Date="20240510" Time="094900">CalculateField torino_updated_column_names_V00 FACCS [FACCS_1] VB #</Process><Process ToolSource="c:\program files (x86)\arcgis\desktop10.5_new\desktop10.8\ArcToolbox\Toolboxes\Data Management Tools.tbx\CalculateField" Date="20240510" Time="094941">CalculateField torino_updated_column_names_V00 FACCS [FACCS_1] VB #</Process><Process ToolSource="c:\program files (x86)\arcgis\desktop10.5_new\desktop10.8\ArcToolbox\Toolboxes\Data Management Tools.tbx\CalculateField" Date="20240510" Time="095008">CalculateField torino_updated_column_names_V00 FACCS [FACCS_1] VB #</Process><Process ToolSource="c:\program files (x86)\arcgis\desktop10.5_new\desktop10.8\ArcToolbox\Toolboxes\Data Management Tools.tbx\CalculateField" Date="20240510" Time="095142">CalculateField torino_updated_column_names_V00 Zone_Typ_1 [Zone_type] VB #</Process></lineage></DataProperties></Esri></metadata>
